-- Import from Notion CSV: exercises + places + mappings

-- 1) Places model for training zone.
create table if not exists public.training_places (
  id bigint generated by default as identity primary key,
  name text not null unique
);

create table if not exists public.exercise_places (
  exercise_id bigint not null references public.exercises(id) on delete cascade,
  place_id bigint not null references public.training_places(id) on delete cascade,
  primary key (exercise_id, place_id)
);

alter table public.training_places enable row level security;
alter table public.exercise_places enable row level security;

drop policy if exists "Allow read to all training_places" on public.training_places;
create policy "Allow read to all training_places" on public.training_places for select using (true);
drop policy if exists "Allow admin full access on training_places" on public.training_places;
create policy "Allow admin full access on training_places" on public.training_places for all using (
  exists (select 1 from public.user_roles ur join public.roles r on r.id = ur.role_id where ur.user_id = auth.uid() and r.role = 'admin')
) with check (
  exists (select 1 from public.user_roles ur join public.roles r on r.id = ur.role_id where ur.user_id = auth.uid() and r.role = 'admin')
);

drop policy if exists "Allow read to all exercise_places" on public.exercise_places;
create policy "Allow read to all exercise_places" on public.exercise_places for select using (true);
drop policy if exists "Allow admin full access on exercise_places" on public.exercise_places;
create policy "Allow admin full access on exercise_places" on public.exercise_places for all using (
  exists (select 1 from public.user_roles ur join public.roles r on r.id = ur.role_id where ur.user_id = auth.uid() and r.role = 'admin')
) with check (
  exists (select 1 from public.user_roles ur join public.roles r on r.id = ur.role_id where ur.user_id = auth.uid() and r.role = 'admin')
);

grant all on table public.training_places to anon, authenticated, service_role;
grant all on table public.exercise_places to anon, authenticated, service_role;
grant all on sequence public.training_places_id_seq to anon, authenticated, service_role;

-- 2) Ensure places and extra equipment used by Notion import.
insert into public.training_places (name) values ('casa'), ('gym'), ('parque') on conflict (name) do nothing;

select setval('public.equipment_id_seq', coalesce((select max(id) from public.equipment), 1), true);

insert into public.equipment (name, progression) select 'comba', 'cardio' where not exists (select 1 from public.equipment where lower(name)='comba');
insert into public.equipment (name, progression) select 'bicicleta estatica', 'cardio' where not exists (select 1 from public.equipment where lower(name)='bicicleta estatica');
insert into public.equipment (name, progression) select 'escaleras', 'cardio' where not exists (select 1 from public.equipment where lower(name)='escaleras');

create temporary table tmp_notion_seed_exercises (
  name text,
  unilateral boolean,
  equipment_name text,
  technique text
) on commit drop;

insert into tmp_notion_seed_exercises (name, unilateral, equipment_name, technique) values
('Pistol Squats', true, 'peso corporal', 'Notion import | Patrones: Extensión de cadera, Extensión de rodilla | Material: Banco/Cajón | Gif: Yes'),
('Flexión Tibial', false, 'peso corporal', 'Notion import | Patrones: Antepierna | Material: Suelo | Gif: Yes'),
('Front Lever', false, 'barra alta (dominadas)', 'Notion import | Patrones: Tracción Vertical, Flexión de Brazo, Estático / Tracción | Material: Aros, Barra alta | Gif: No'),
('Dominadas', false, 'barra alta (dominadas)', 'Notion import | Patrones: Tracción Vertical, Flexión de Brazo | Material: Aros, Barra alta | Gif: Yes'),
('Extensión Gemelos', false, 'maquina guiada', 'Notion import | Patrones: Antepierna | Material: Elevación, Máquina / Polea, Suelo | Gif: Yes'),
('Flexiones de Pico', false, 'peso corporal', 'Notion import | Patrones: Empuje Vertical | Material: Elevación, Suelo | Gif: No'),
('Remos Polea', false, 'polea baja', 'Notion import | Patrones: Tracción Horizontal, Flexión de Brazo | Material: Aros | Gif: Yes'),
('Press Militar Mancuernas', false, 'mancuernas', 'Notion import | Patrones: Empuje Vertical | Material: Barra Olímpica, Mancuernas | Gif: Yes'),
('Flexiones', false, 'peso corporal', 'Notion import | Patrones: Empuje Horizontal | Material: Elevación, Goma, Lastre, Suelo | Gif: Yes'),
('Jalón Vertical - Polea', false, 'polea alta', 'Notion import | Patrones: Tracción Vertical | Material: Máquina / Polea | Gif: Yes'),
('Lsit', false, 'agarre bajo/paralletes', 'Notion import | Patrones: Estático / Empuje | Material: Aros, Barra alta, Paralelas, Suelo | Gif: No'),
('Carrera', false, 'peso corporal', 'Notion import | Patrones: Cardiovascular | Material: Suelo | Gif: Yes'),
('Fondos', false, 'barra alta (dominadas)', 'Notion import | Patrones: Empuje Horizontal | Material: Aros, Barra alta, Goma, Máquina / Polea, Paralelas | Gif: Yes'),
('Movilidad de piernas', false, 'peso corporal', 'Notion import | Patrones: Hiperextensión Lumbar, Flexión de rodilla, Aducción Cadera, Compresión Abdominal | Material: Goma | Floja (verde), Suelo | Gif: No'),
('Press Banca Mancuernas', false, 'mancuernas', 'Notion import | Patrones: Empuje Horizontal | Material: Barra Olímpica, Mancuernas | Gif: Yes'),
('Sentadillas Profundas', false, 'peso corporal', 'Notion import | Patrones: Extensión de cadera, Extensión de rodilla | Material: n/d | Gif: Yes'),
('Prensa', false, 'maquina guiada', 'Notion import | Patrones: Flexión de rodilla | Material: Máquina / Polea | Gif: Yes'),
('Plancha Abdominal', false, 'aros de gimnasia', 'Notion import | Patrones: Compresión Abdominal | Material: Aros, Suelo | Gif: Yes'),
('Hollow Body', false, 'aros de gimnasia', 'Notion import | Patrones: Compresión Abdominal | Material: Aros, Suelo | Gif: Yes'),
('Peso Muerto Barra', false, 'barra olimpica', 'Notion import | Patrones: Flexión de rodilla, Extensión de cadera, Tracción Horizontal | Material: n/d | Gif: Yes'),
('Paseo del Granjero', false, 'peso corporal', 'Notion import | Patrones: Agarre | Material: n/d | Gif: Yes'),
('Bici', false, 'bicicleta estatica', 'Notion import | Patrones: Cardiovascular | Material: n/d | Gif: Yes'),
('Abducciones de Glúteo', false, 'peso corporal', 'Notion import | Patrones: Abducción Cadera | Material: n/d | Gif: Yes'),
('Zancadas', true, 'peso corporal', 'Notion import | Patrones: Extensión de cadera, Extensión de rodilla | Material: n/d | Gif: Yes'),
('Extensión Tríceps Polea', false, 'polea alta', 'Notion import | Patrones: Extensión de Codo | Material: n/d | Gif: Yes'),
('Curl de Bíceps Mancuerna', false, 'mancuernas', 'Notion import | Patrones: Flexión de Brazo | Material: Goma, Mancuernas, Máquina / Polea | Gif: Yes'),
('Abs en Máquina', false, 'maquina guiada', 'Notion import | Patrones: Compresión Abdominal | Material: Aros, Suelo | Gif: Yes'),
('Extensión de Cuádriceps', false, 'peso corporal', 'Notion import | Patrones: Extensión de rodilla | Material: n/d | Gif: Yes'),
('Curl Femoral Sentado', false, 'maquina guiada', 'Notion import | Patrones: Flexión de rodilla | Material: Máquina / Polea | Gif: Yes'),
('Press Francés', false, 'mancuernas', 'Notion import | Patrones: Extensión de Codo | Material: Barra Olímpica, Mancuernas | Gif: Yes'),
('Remos Mancuerna', false, 'mancuernas', 'Notion import | Patrones: Tracción Horizontal, Flexión de Brazo | Material: Mancuernas | Gif: Yes'),
('Extensión de muñecas', false, 'peso corporal', 'Notion import | Patrones: Agarre | Material: n/d | Gif: No'),
('Flexión de muñecas', false, 'peso corporal', 'Notion import | Patrones: Agarre | Material: n/d | Gif: No'),
('Aducciones de pierna', false, 'peso corporal', 'Notion import | Patrones: Abducción Cadera | Material: n/d | Gif: Yes'),
('Sentadillas Arqueras', true, 'peso corporal', 'Notion import | Patrones: Extensión de cadera, Extensión de rodilla, Aducción Cadera | Material: n/d | Gif: Yes'),
('Abs en Banco Inclinado', false, 'aros de gimnasia', 'Notion import | Patrones: Compresión Abdominal | Material: Aros, Suelo | Gif: No'),
('Knee Raises Paralelas', false, 'agarre bajo/paralletes', 'Notion import | Patrones: Compresión Abdominal | Material: Aros, Suelo | Gif: Yes'),
('Comba', false, 'comba', 'Notion import | Patrones: Cardiovascular | Material: Comba | Gif: No'),
('Elevaciones Hombro Posterior', false, 'mancuernas', 'Notion import | Patrones: Tracción Horizontal | Material: Goma, Mancuernas | Gif: No'),
('Elevaciones Hombro Medio', false, 'mancuernas', 'Notion import | Patrones: Empuje Horizontal | Material: Goma, Mancuernas | Gif: Yes'),
('Escaleras', false, 'escaleras', 'Notion import | Patrones: Cardiovascular | Material: n/d | Gif: Yes'),
('Remos Barra', false, 'barra olimpica', 'Notion import | Patrones: Tracción Horizontal, Flexión de Brazo | Material: Barra Olímpica | Gif: Yes'),
('Buenos Días', false, 'peso corporal', 'Notion import | Patrones: Flexión de rodilla, Extensión de cadera, Tracción Horizontal | Material: n/d | Gif: No'),
('Hiperextensión Lumbar', false, 'peso corporal', 'Notion import | Patrones: Hiperextensión Lumbar | Material: n/d | Gif: Yes'),
('Sentadillas Sumo', false, 'peso corporal', 'Notion import | Patrones: Extensión de cadera, Extensión de rodilla | Material: n/d | Gif: Yes'),
('Flexiones Arqueras', true, 'peso corporal', 'Notion import | Patrones: Empuje Horizontal | Material: Elevación, Goma, Lastre, Suelo | Gif: No'),
('Sentadilla Hack', false, 'maquina guiada', 'Notion import | Patrones: Extensión de cadera, Extensión de rodilla | Material: n/d | Gif: Yes'),
('Peso Muerto Mancuernas', false, 'mancuernas', 'Notion import | Patrones: Flexión de rodilla, Extensión de cadera, Tracción Horizontal | Material: n/d | Gif: Yes'),
('Remos Aros', false, 'aros de gimnasia', 'Notion import | Patrones: Tracción Horizontal, Flexión de Brazo | Material: Aros, Paralelas | Gif: Yes'),
('Fondos con Goma', false, 'barra alta (dominadas)', 'Notion import | Patrones: Empuje Horizontal | Material: Aros, Barra alta, Goma, Máquina / Polea, Paralelas | Gif: Yes'),
('Extensión Tríceps Goma', false, 'peso corporal', 'Notion import | Patrones: Extensión de Codo | Material: n/d | Gif: Yes'),
('Knee Raises Barra', false, 'barra alta (dominadas)', 'Notion import | Patrones: Compresión Abdominal | Material: Aros, Suelo | Gif: Yes'),
('Fondos Aros', false, 'aros de gimnasia', 'Notion import | Patrones: Empuje Horizontal | Material: Aros, Barra alta, Goma, Máquina / Polea, Paralelas | Gif: Yes'),
('Flexiones en Aros', false, 'aros de gimnasia', 'Notion import | Patrones: Empuje Horizontal | Material: Elevación, Goma, Lastre, Suelo | Gif: Yes'),
('Press Banca Barra', false, 'barra olimpica', 'Notion import | Patrones: Empuje Horizontal | Material: Barra Olímpica, Mancuernas | Gif: Yes'),
('Zancadas Búlgaras', true, 'peso corporal', 'Notion import | Patrones: Extensión de cadera, Extensión de rodilla | Material: n/d | Gif: Yes'),
('Curl de Bíceps Banco Scott', false, 'mancuernas', 'Notion import | Patrones: Flexión de Brazo | Material: Goma, Mancuernas, Máquina / Polea | Gif: Yes'),
('Extensión Tríceps Tras Nuca', false, 'mancuernas', 'Notion import | Patrones: Extensión de Codo | Material: Barra Olímpica, Mancuernas | Gif: Yes'),
('Curl Femoral Tumbado', false, 'maquina guiada', 'Notion import | Patrones: Flexión de rodilla | Material: Máquina / Polea | Gif: Yes'),
('Sentadilla Robot', false, 'maquina guiada', 'Notion import | Patrones: Extensión de cadera, Extensión de rodilla, Aducción Cadera | Material: n/d | Gif: No'),
('Press Militar Barra', false, 'barra olimpica', 'Notion import | Patrones: Empuje Vertical | Material: Barra Olímpica, Mancuernas | Gif: No'),
('Hip Thrust Máquina', false, 'maquina guiada', 'Notion import | Patrones: Extensión de cadera, Extensión de rodilla | Material: n/d | Gif: No'),
('Sentadilla con Barra', false, 'barra olimpica', 'Notion import | Patrones: Extensión de cadera, Extensión de rodilla | Material: n/d | Gif: Yes'),
('Press Horizontal en Máquina', false, 'maquina guiada', 'Notion import | Patrones: Empuje Horizontal | Material: Barra Olímpica, Mancuernas | Gif: No'),
('Press Militar en Máquina', false, 'maquina guiada', 'Notion import | Patrones: Empuje Horizontal | Material: Barra Olímpica, Mancuernas | Gif: No'),
('Remos en Máquina', false, 'maquina guiada', 'Notion import | Patrones: Tracción Horizontal, Flexión de Brazo | Material: Aros | Gif: No'),
('Jalón Vertical - Máquina', false, 'maquina guiada', 'Notion import | Patrones: Tracción Vertical | Material: Máquina / Polea | Gif: No'),
('Remos en Paralelas', false, 'agarre bajo/paralletes', 'Notion import | Patrones: Tracción Horizontal, Flexión de Brazo | Material: Barra Olímpica | Gif: No'),
('Face Pull en Polea', false, 'polea alta', 'Notion import | Patrones: Tracción Horizontal, Flexión de Brazo | Material: Mancuernas | Gif: No'),
('Curl de Bíceps Banco 45º', false, 'mancuernas', 'Notion import | Patrones: Flexión de Brazo | Material: Goma, Mancuernas, Máquina / Polea | Gif: No'),
('Step Up', true, 'peso corporal', 'Notion import | Patrones: Extensión de cadera, Extensión de rodilla | Material: Banco/Cajón | Gif: No'),
('Contractora de Pectoral en Máquina', false, 'maquina guiada', 'Notion import | Patrones: Empuje Horizontal | Material: n/d | Gif: No'),
('Abs Crunch', false, 'aros de gimnasia', 'Notion import | Patrones: Compresión Abdominal | Material: Aros, Suelo | Gif: No'),
('Curl de Bíceps - Polea', false, 'polea baja', 'Notion import | Patrones: Flexión de Brazo | Material: Goma, Mancuernas, Máquina / Polea | Gif: No'),
('Agarre en Barra', false, 'barra alta (dominadas)', 'Notion import | Patrones: Agarre | Material: n/d | Gif: No');

-- 3) Insert missing exercises from Notion and backfill metadata when empty.
insert into public.exercises (name, unilateral, equipment_id, technique)
select s.name, s.unilateral, eq.id, s.technique
from tmp_notion_seed_exercises s
join public.equipment eq on lower(eq.name)=lower(s.equipment_name)
where not exists (select 1 from public.exercises e where lower(e.name)=lower(s.name));

update public.exercises e
set technique = coalesce(e.technique, s.technique),
    unilateral = coalesce(e.unilateral, s.unilateral),
    equipment_id = coalesce(e.equipment_id, eq.id)
from tmp_notion_seed_exercises s
join public.equipment eq on lower(eq.name)=lower(s.equipment_name)
where lower(e.name)=lower(s.name);

create temporary table tmp_notion_seed_places (exercise_name text, place_name text) on commit drop;
insert into tmp_notion_seed_places (exercise_name, place_name) values
('Pistol Squats','casa'),
('Pistol Squats','gym'),
('Pistol Squats','parque'),
('Flexión Tibial','casa'),
('Flexión Tibial','gym'),
('Flexión Tibial','parque'),
('Front Lever','gym'),
('Front Lever','parque'),
('Dominadas','gym'),
('Dominadas','parque'),
('Extensión Gemelos','casa'),
('Extensión Gemelos','gym'),
('Extensión Gemelos','parque'),
('Flexiones de Pico','casa'),
('Flexiones de Pico','gym'),
('Flexiones de Pico','parque'),
('Remos Polea','casa'),
('Remos Polea','gym'),
('Remos Polea','parque'),
('Press Militar Mancuernas','casa'),
('Press Militar Mancuernas','gym'),
('Press Militar Mancuernas','parque'),
('Flexiones','casa'),
('Flexiones','gym'),
('Flexiones','parque'),
('Jalón Vertical - Polea','gym'),
('Lsit','casa'),
('Lsit','gym'),
('Lsit','parque'),
('Carrera','gym'),
('Carrera','parque'),
('Fondos','casa'),
('Fondos','gym'),
('Fondos','parque'),
('Movilidad de piernas','casa'),
('Movilidad de piernas','gym'),
('Movilidad de piernas','parque'),
('Press Banca Mancuernas','gym'),
('Sentadillas Profundas','casa'),
('Sentadillas Profundas','gym'),
('Sentadillas Profundas','parque'),
('Prensa','gym'),
('Plancha Abdominal','casa'),
('Plancha Abdominal','gym'),
('Plancha Abdominal','parque'),
('Hollow Body','casa'),
('Hollow Body','gym'),
('Hollow Body','parque'),
('Peso Muerto Barra','gym'),
('Paseo del Granjero','gym'),
('Bici','gym'),
('Bici','parque'),
('Abducciones de Glúteo','gym'),
('Zancadas','casa'),
('Zancadas','gym'),
('Zancadas','parque'),
('Extensión Tríceps Polea','casa'),
('Extensión Tríceps Polea','gym'),
('Extensión Tríceps Polea','parque'),
('Curl de Bíceps Mancuerna','casa'),
('Curl de Bíceps Mancuerna','gym'),
('Curl de Bíceps Mancuerna','parque'),
('Abs en Máquina','gym'),
('Extensión de Cuádriceps','casa'),
('Extensión de Cuádriceps','gym'),
('Curl Femoral Sentado','casa'),
('Curl Femoral Sentado','gym'),
('Press Francés','casa'),
('Press Francés','gym'),
('Press Francés','parque'),
('Remos Mancuerna','casa'),
('Remos Mancuerna','gym'),
('Extensión de muñecas','gym'),
('Flexión de muñecas','gym'),
('Flexión de muñecas','parque'),
('Aducciones de pierna','gym'),
('Sentadillas Arqueras','casa'),
('Sentadillas Arqueras','gym'),
('Sentadillas Arqueras','parque'),
('Abs en Banco Inclinado','gym'),
('Knee Raises Paralelas','casa'),
('Knee Raises Paralelas','gym'),
('Knee Raises Paralelas','parque'),
('Comba','casa'),
('Comba','gym'),
('Comba','parque'),
('Elevaciones Hombro Posterior','casa'),
('Elevaciones Hombro Posterior','gym'),
('Elevaciones Hombro Posterior','parque'),
('Elevaciones Hombro Medio','casa'),
('Elevaciones Hombro Medio','gym'),
('Elevaciones Hombro Medio','parque'),
('Escaleras','casa'),
('Escaleras','gym'),
('Remos Barra','gym'),
('Buenos Días','casa'),
('Buenos Días','gym'),
('Buenos Días','parque'),
('Hiperextensión Lumbar','casa'),
('Hiperextensión Lumbar','gym'),
('Hiperextensión Lumbar','parque'),
('Sentadillas Sumo','casa'),
('Sentadillas Sumo','gym'),
('Sentadillas Sumo','parque'),
('Flexiones Arqueras','casa'),
('Flexiones Arqueras','gym'),
('Flexiones Arqueras','parque'),
('Sentadilla Hack','casa'),
('Sentadilla Hack','gym'),
('Sentadilla Hack','parque'),
('Peso Muerto Mancuernas','gym'),
('Remos Aros','casa'),
('Remos Aros','gym'),
('Remos Aros','parque'),
('Fondos con Goma','casa'),
('Fondos con Goma','gym'),
('Fondos con Goma','parque'),
('Extensión Tríceps Goma','casa'),
('Extensión Tríceps Goma','gym'),
('Extensión Tríceps Goma','parque'),
('Knee Raises Barra','casa'),
('Knee Raises Barra','gym'),
('Knee Raises Barra','parque'),
('Fondos Aros','casa'),
('Fondos Aros','gym'),
('Fondos Aros','parque'),
('Flexiones en Aros','casa'),
('Flexiones en Aros','gym'),
('Flexiones en Aros','parque'),
('Press Banca Barra','gym'),
('Zancadas Búlgaras','casa'),
('Zancadas Búlgaras','gym'),
('Zancadas Búlgaras','parque'),
('Curl de Bíceps Banco Scott','casa'),
('Curl de Bíceps Banco Scott','gym'),
('Curl de Bíceps Banco Scott','parque'),
('Extensión Tríceps Tras Nuca','casa'),
('Extensión Tríceps Tras Nuca','gym'),
('Extensión Tríceps Tras Nuca','parque'),
('Curl Femoral Tumbado','casa'),
('Curl Femoral Tumbado','gym'),
('Sentadilla Robot','casa'),
('Sentadilla Robot','gym'),
('Sentadilla Robot','parque'),
('Press Militar Barra','casa'),
('Press Militar Barra','gym'),
('Press Militar Barra','parque'),
('Hip Thrust Máquina','casa'),
('Hip Thrust Máquina','gym'),
('Hip Thrust Máquina','parque'),
('Sentadilla con Barra','casa'),
('Sentadilla con Barra','gym'),
('Sentadilla con Barra','parque'),
('Press Horizontal en Máquina','gym'),
('Press Militar en Máquina','gym'),
('Remos en Máquina','casa'),
('Remos en Máquina','gym'),
('Remos en Máquina','parque'),
('Jalón Vertical - Máquina','gym'),
('Remos en Paralelas','gym'),
('Face Pull en Polea','casa'),
('Face Pull en Polea','gym'),
('Curl de Bíceps Banco 45º','casa'),
('Curl de Bíceps Banco 45º','gym'),
('Curl de Bíceps Banco 45º','parque'),
('Step Up','casa'),
('Step Up','gym'),
('Step Up','parque'),
('Abs Crunch','gym'),
('Curl de Bíceps - Polea','casa'),
('Curl de Bíceps - Polea','gym'),
('Curl de Bíceps - Polea','parque'),
('Agarre en Barra','gym');

insert into public.exercise_places (exercise_id, place_id)
select e.id, p.id
from tmp_notion_seed_places sp
join public.exercises e on lower(e.name)=lower(sp.exercise_name)
join public.training_places p on lower(p.name)=lower(sp.place_name)
on conflict do nothing;

create temporary table tmp_notion_seed_muscles (exercise_name text, muscle_name text) on commit drop;
insert into tmp_notion_seed_muscles (exercise_name, muscle_name) values
('Pistol Squats','cuadriceps'),
('Pistol Squats','gluteo mayor'),
('Pistol Squats','gluteo medio'),
('Flexión Tibial','tibial anterior'),
('Front Lever','dorsal ancho'),
('Front Lever','romboides'),
('Front Lever','trapecio'),
('Dominadas','biceps'),
('Dominadas','dorsal ancho'),
('Dominadas','deltoides posterior'),
('Extensión Gemelos','gemelos'),
('Flexiones de Pico','triceps'),
('Flexiones de Pico','deltoides anterior'),
('Flexiones de Pico','trapecio'),
('Remos Polea','biceps'),
('Remos Polea','dorsal ancho'),
('Remos Polea','romboides'),
('Remos Polea','trapecio'),
('Press Militar Mancuernas','triceps'),
('Press Militar Mancuernas','deltoides anterior'),
('Flexiones','pectoral'),
('Flexiones','deltoides anterior'),
('Flexiones','triceps'),
('Jalón Vertical - Polea','biceps'),
('Jalón Vertical - Polea','deltoides posterior'),
('Jalón Vertical - Polea','romboides'),
('Jalón Vertical - Polea','dorsal ancho'),
('Lsit','recto abdominal'),
('Lsit','oblicuos'),
('Lsit','cuadriceps'),
('Lsit','romboides'),
('Lsit','trapecio'),
('Carrera','gemelos'),
('Carrera','tibial anterior'),
('Carrera','isquiotibiales'),
('Carrera','gluteo mayor'),
('Carrera','gluteo medio'),
('Carrera','recto abdominal'),
('Carrera','oblicuos'),
('Fondos','deltoides anterior'),
('Fondos','triceps'),
('Fondos','pectoral'),
('Press Banca Mancuernas','triceps'),
('Press Banca Mancuernas','pectoral'),
('Press Banca Mancuernas','deltoides anterior'),
('Sentadillas Profundas','cuadriceps'),
('Sentadillas Profundas','gluteo mayor'),
('Sentadillas Profundas','gluteo medio'),
('Prensa','cuadriceps'),
('Prensa','gluteo mayor'),
('Prensa','gluteo medio'),
('Prensa','isquiotibiales'),
('Plancha Abdominal','recto abdominal'),
('Plancha Abdominal','oblicuos'),
('Hollow Body','recto abdominal'),
('Hollow Body','oblicuos'),
('Peso Muerto Barra','isquiotibiales'),
('Peso Muerto Barra','gluteo mayor'),
('Peso Muerto Barra','gluteo medio'),
('Peso Muerto Barra','romboides'),
('Peso Muerto Barra','trapecio'),
('Peso Muerto Barra','erectores espinales'),
('Peso Muerto Barra','flexores de muneca'),
('Peso Muerto Barra','extensores de muneca'),
('Paseo del Granjero','flexores de muneca'),
('Paseo del Granjero','extensores de muneca'),
('Bici','gemelos'),
('Bici','tibial anterior'),
('Bici','isquiotibiales'),
('Bici','gluteo mayor'),
('Bici','gluteo medio'),
('Bici','recto abdominal'),
('Bici','oblicuos'),
('Abducciones de Glúteo','gluteo mayor'),
('Abducciones de Glúteo','gluteo medio'),
('Extensión Tríceps Polea','triceps'),
('Curl de Bíceps Mancuerna','biceps'),
('Abs en Máquina','recto abdominal'),
('Abs en Máquina','oblicuos'),
('Press Francés','triceps'),
('Remos Mancuerna','biceps'),
('Remos Mancuerna','dorsal ancho'),
('Remos Mancuerna','romboides'),
('Remos Mancuerna','trapecio'),
('Extensión de muñecas','extensores de muneca'),
('Flexión de muñecas','flexores de muneca'),
('Flexión de muñecas','extensores de muneca'),
('Aducciones de pierna','aductores'),
('Sentadillas Arqueras','cuadriceps'),
('Sentadillas Arqueras','gluteo mayor'),
('Sentadillas Arqueras','gluteo medio'),
('Abs en Banco Inclinado','recto abdominal'),
('Abs en Banco Inclinado','oblicuos'),
('Knee Raises Paralelas','recto abdominal'),
('Knee Raises Paralelas','oblicuos'),
('Comba','gemelos'),
('Comba','tibial anterior'),
('Comba','isquiotibiales'),
('Comba','gluteo mayor'),
('Comba','gluteo medio'),
('Comba','recto abdominal'),
('Comba','oblicuos'),
('Elevaciones Hombro Posterior','deltoides posterior'),
('Elevaciones Hombro Medio','deltoides lateral'),
('Escaleras','gemelos'),
('Escaleras','tibial anterior'),
('Escaleras','isquiotibiales'),
('Escaleras','gluteo mayor'),
('Escaleras','gluteo medio'),
('Escaleras','recto abdominal'),
('Escaleras','oblicuos'),
('Remos Barra','biceps'),
('Remos Barra','dorsal ancho'),
('Remos Barra','romboides'),
('Remos Barra','trapecio'),
('Buenos Días','isquiotibiales'),
('Buenos Días','gluteo mayor'),
('Buenos Días','gluteo medio'),
('Buenos Días','erectores espinales'),
('Hiperextensión Lumbar','erectores espinales'),
('Sentadillas Sumo','cuadriceps'),
('Sentadillas Sumo','gluteo mayor'),
('Sentadillas Sumo','gluteo medio'),
('Flexiones Arqueras','pectoral'),
('Flexiones Arqueras','deltoides anterior'),
('Flexiones Arqueras','triceps'),
('Sentadilla Hack','cuadriceps'),
('Sentadilla Hack','gluteo mayor'),
('Sentadilla Hack','gluteo medio'),
('Peso Muerto Mancuernas','isquiotibiales'),
('Peso Muerto Mancuernas','gluteo mayor'),
('Peso Muerto Mancuernas','gluteo medio'),
('Peso Muerto Mancuernas','romboides'),
('Peso Muerto Mancuernas','trapecio'),
('Peso Muerto Mancuernas','erectores espinales'),
('Peso Muerto Mancuernas','flexores de muneca'),
('Peso Muerto Mancuernas','extensores de muneca'),
('Remos Aros','biceps'),
('Remos Aros','dorsal ancho'),
('Remos Aros','romboides'),
('Remos Aros','trapecio'),
('Fondos con Goma','deltoides anterior'),
('Fondos con Goma','triceps'),
('Fondos con Goma','pectoral'),
('Extensión Tríceps Goma','triceps'),
('Knee Raises Barra','recto abdominal'),
('Knee Raises Barra','oblicuos'),
('Fondos Aros','deltoides anterior'),
('Fondos Aros','triceps'),
('Fondos Aros','pectoral'),
('Flexiones en Aros','pectoral'),
('Flexiones en Aros','deltoides anterior'),
('Flexiones en Aros','triceps'),
('Press Banca Barra','triceps'),
('Press Banca Barra','pectoral'),
('Press Banca Barra','deltoides anterior'),
('Curl de Bíceps Banco Scott','biceps'),
('Extensión Tríceps Tras Nuca','triceps'),
('Sentadilla Robot','cuadriceps'),
('Sentadilla Robot','gluteo mayor'),
('Sentadilla Robot','gluteo medio'),
('Press Militar Barra','triceps'),
('Press Militar Barra','deltoides anterior'),
('Hip Thrust Máquina','cuadriceps'),
('Hip Thrust Máquina','gluteo mayor'),
('Hip Thrust Máquina','gluteo medio'),
('Sentadilla con Barra','cuadriceps'),
('Sentadilla con Barra','gluteo mayor'),
('Sentadilla con Barra','gluteo medio'),
('Press Horizontal en Máquina','triceps'),
('Press Horizontal en Máquina','pectoral'),
('Press Horizontal en Máquina','deltoides anterior'),
('Press Militar en Máquina','triceps'),
('Press Militar en Máquina','pectoral'),
('Press Militar en Máquina','deltoides anterior'),
('Remos en Máquina','biceps'),
('Remos en Máquina','dorsal ancho'),
('Remos en Máquina','romboides'),
('Remos en Máquina','trapecio'),
('Jalón Vertical - Máquina','biceps'),
('Jalón Vertical - Máquina','deltoides posterior'),
('Jalón Vertical - Máquina','romboides'),
('Jalón Vertical - Máquina','dorsal ancho'),
('Remos en Paralelas','biceps'),
('Remos en Paralelas','dorsal ancho'),
('Remos en Paralelas','romboides'),
('Remos en Paralelas','trapecio'),
('Face Pull en Polea','biceps'),
('Face Pull en Polea','dorsal ancho'),
('Face Pull en Polea','romboides'),
('Face Pull en Polea','trapecio'),
('Curl de Bíceps Banco 45º','biceps'),
('Step Up','cuadriceps'),
('Step Up','gluteo mayor'),
('Step Up','gluteo medio'),
('Abs Crunch','recto abdominal'),
('Abs Crunch','oblicuos'),
('Curl de Bíceps - Polea','biceps'),
('Agarre en Barra','flexores de muneca'),
('Agarre en Barra','extensores de muneca');

insert into public.exercise_muscles (exercise_id, muscle_id)
select e.id, m.id
from tmp_notion_seed_muscles sm
join public.exercises e on lower(e.name)=lower(sm.exercise_name)
join public.muscles m on lower(m.name)=lower(sm.muscle_name)
on conflict do nothing;

create temporary table tmp_notion_seed_joints (exercise_name text, joint_name text) on commit drop;
insert into tmp_notion_seed_joints (exercise_name, joint_name) values
('Pistol Squats','rodillas'),
('Pistol Squats','cadera'),
('Pistol Squats','tobillos'),
('Front Lever','hombros'),
('Dominadas','codos'),
('Dominadas','hombros'),
('Flexiones de Pico','hombros'),
('Flexiones de Pico','codos'),
('Remos Polea','codos'),
('Remos Polea','hombros'),
('Press Militar Mancuernas','codos'),
('Press Militar Mancuernas','hombros'),
('Flexiones','codos'),
('Flexiones','hombros'),
('Flexiones','munecas'),
('Jalón Vertical - Polea','codos'),
('Jalón Vertical - Polea','hombros'),
('Lsit','codos'),
('Lsit','munecas'),
('Carrera','tobillos'),
('Carrera','rodillas'),
('Carrera','cadera'),
('Fondos','hombros'),
('Fondos','codos'),
('Movilidad de piernas','tobillos'),
('Movilidad de piernas','rodillas'),
('Movilidad de piernas','cadera'),
('Movilidad de piernas','columna lumbar'),
('Movilidad de piernas','hombros'),
('Press Banca Mancuernas','hombros'),
('Press Banca Mancuernas','munecas'),
('Press Banca Mancuernas','codos'),
('Sentadillas Profundas','tobillos'),
('Sentadillas Profundas','rodillas'),
('Sentadillas Profundas','cadera'),
('Sentadillas Profundas','columna lumbar'),
('Prensa','tobillos'),
('Prensa','rodillas'),
('Prensa','cadera'),
('Prensa','columna lumbar'),
('Paseo del Granjero','munecas'),
('Bici','tobillos'),
('Bici','rodillas'),
('Bici','cadera'),
('Abducciones de Glúteo','cadera'),
('Zancadas','rodillas'),
('Zancadas','cadera'),
('Extensión Tríceps Polea','codos'),
('Curl de Bíceps Mancuerna','codos'),
('Abs en Máquina','cadera'),
('Extensión de Cuádriceps','rodillas'),
('Curl Femoral Sentado','rodillas'),
('Press Francés','munecas'),
('Press Francés','codos'),
('Press Francés','hombros'),
('Aducciones de pierna','cadera'),
('Sentadillas Arqueras','tobillos'),
('Sentadillas Arqueras','rodillas'),
('Sentadillas Arqueras','cadera'),
('Sentadillas Arqueras','columna lumbar'),
('Abs en Banco Inclinado','cadera'),
('Knee Raises Paralelas','cadera'),
('Comba','tobillos'),
('Comba','rodillas'),
('Comba','cadera'),
('Elevaciones Hombro Posterior','hombros'),
('Elevaciones Hombro Medio','hombros'),
('Escaleras','tobillos'),
('Escaleras','rodillas'),
('Escaleras','cadera'),
('Buenos Días','cadera'),
('Sentadillas Sumo','tobillos'),
('Sentadillas Sumo','rodillas'),
('Sentadillas Sumo','cadera'),
('Sentadillas Sumo','columna lumbar'),
('Flexiones Arqueras','codos'),
('Flexiones Arqueras','hombros'),
('Flexiones Arqueras','munecas'),
('Sentadilla Hack','tobillos'),
('Sentadilla Hack','rodillas'),
('Sentadilla Hack','cadera'),
('Sentadilla Hack','columna lumbar'),
('Fondos con Goma','hombros'),
('Fondos con Goma','codos'),
('Extensión Tríceps Goma','codos'),
('Knee Raises Barra','cadera'),
('Fondos Aros','hombros'),
('Fondos Aros','codos'),
('Flexiones en Aros','codos'),
('Flexiones en Aros','hombros'),
('Flexiones en Aros','munecas'),
('Press Banca Barra','hombros'),
('Press Banca Barra','munecas'),
('Press Banca Barra','codos'),
('Zancadas Búlgaras','rodillas'),
('Zancadas Búlgaras','cadera'),
('Curl de Bíceps Banco Scott','codos'),
('Extensión Tríceps Tras Nuca','munecas'),
('Extensión Tríceps Tras Nuca','codos'),
('Extensión Tríceps Tras Nuca','hombros'),
('Curl Femoral Tumbado','rodillas'),
('Sentadilla Robot','tobillos'),
('Sentadilla Robot','rodillas'),
('Sentadilla Robot','cadera'),
('Sentadilla Robot','columna lumbar'),
('Press Militar Barra','codos'),
('Press Militar Barra','hombros'),
('Hip Thrust Máquina','tobillos'),
('Hip Thrust Máquina','rodillas'),
('Hip Thrust Máquina','cadera'),
('Hip Thrust Máquina','columna lumbar'),
('Sentadilla con Barra','tobillos'),
('Sentadilla con Barra','rodillas'),
('Sentadilla con Barra','cadera'),
('Sentadilla con Barra','columna lumbar'),
('Press Horizontal en Máquina','hombros'),
('Press Horizontal en Máquina','munecas'),
('Press Horizontal en Máquina','codos'),
('Press Militar en Máquina','hombros'),
('Press Militar en Máquina','munecas'),
('Press Militar en Máquina','codos'),
('Remos en Máquina','codos'),
('Remos en Máquina','hombros'),
('Jalón Vertical - Máquina','codos'),
('Jalón Vertical - Máquina','hombros'),
('Curl de Bíceps Banco 45º','codos'),
('Step Up','rodillas'),
('Step Up','cadera'),
('Step Up','tobillos'),
('Contractora de Pectoral en Máquina','munecas'),
('Contractora de Pectoral en Máquina','codos'),
('Contractora de Pectoral en Máquina','hombros'),
('Abs Crunch','cadera'),
('Curl de Bíceps - Polea','codos'),
('Agarre en Barra','munecas');

-- Explicit joints from Notion
insert into public.exercise_joints (exercise_id, joint_id)
select e.id, j.id
from tmp_notion_seed_joints sj
join public.exercises e on lower(e.name)=lower(sj.exercise_name)
join public.joints j on lower(j.name)=lower(sj.joint_name)
on conflict do nothing;

-- Enriched fallback: derive joints from mapped muscles
insert into public.exercise_joints (exercise_id, joint_id)
select distinct e.id, mj.joint_id
from tmp_notion_seed_exercises se
join public.exercises e on lower(e.name)=lower(se.name)
join public.exercise_muscles em on em.exercise_id=e.id
join public.muscle_joints mj on mj.muscle_id=em.muscle_id
on conflict do nothing;
